"Id","Path","Slice Name","Alias(s)","Label","Min","Max","Must Support?","Is Modifier?","Is Summary?","Type(s)","Short","Definition","Comments","Requirements","Default Value","Meaning When Missing","Fixed Value","Pattern","Example","Minimum Value","Maximum Value","Maximum Length","Binding Strength","Binding Description","Binding Value Set","Code","Slicing Discriminator","Slicing Description","Slicing Ordered","Slicing Rules","Base Path","Base Min","Base Max","Condition(s)","Constraint(s)"
"BeModelDiagnosticReportDiabetes","BeModelDiagnosticReportDiabetes","","","",0,*,"","","","null {[]} {[]}
","BeModelDiagnosticReportDiabetes","Logical model representing a diabetes diagnostic report based on glucose monitoring data.","","","","","","","","","",,,,,"",,,,"Base",0,*,"",""
"BeModelDiagnosticReportDiabetes.uniqueIdentifierNational","BeModelDiagnosticReportDiabetes.uniqueIdentifierNational","","","",1,1,"","","","Identifier {[]} {[]}
","Unique business identifier of the report.(https://docs.google.com/document/d/13qamEPfdQ2HgUiXmjwHQNchpEU3LsQHF5MN9jKufX2g/edit?usp=sharing).","Unique business identifier of the report.(https://docs.google.com/document/d/13qamEPfdQ2HgUiXmjwHQNchpEU3LsQHF5MN9jKufX2g/edit?usp=sharing).","","","","","","","","","",,,,,"",,,,"BeModelDiagnosticReportDiabetes.uniqueIdentifierNational",1,1,"",""
"BeModelDiagnosticReportDiabetes.businessIdentifier","BeModelDiagnosticReportDiabetes.businessIdentifier","","","",0,1,"","","","Identifier {[]} {[]}
","Report identifier for the internal supplier's business.","Report identifier for the internal supplier's business.","","","","","","","","","",,,,,"",,,,"BeModelDiagnosticReportDiabetes.businessIdentifier",0,1,"",""
"BeModelDiagnosticReportDiabetes.recordedDate","BeModelDiagnosticReportDiabetes.recordedDate","","","",1,1,"","","","dateTime {[]} {[]}
","Date the report was produced.","Date the report was produced.","","","","","","","","","",,,,,"",,,,"BeModelDiagnosticReportDiabetes.recordedDate",1,1,"",""
"BeModelDiagnosticReportDiabetes.observationPeriod","BeModelDiagnosticReportDiabetes.observationPeriod","","","",1,1,"","","","Period {[]} {[]}
","From date to date corresponding to the period covered by the report. Typically 14 to 30 days. See 2.1 above, Figure 3 Data relationship logic.","From date to date corresponding to the period covered by the report. Typically 14 to 30 days. See 2.1 above, Figure 3 Data relationship logic.","","","","","","","","","",,,,,"",,,,"BeModelDiagnosticReportDiabetes.observationPeriod",1,1,"",""
"BeModelDiagnosticReportDiabetes.patient","BeModelDiagnosticReportDiabetes.patient","","","",1,1,"","","","Identifier {[]} {[]}
","We refer to the patient, subject of the report, by his unique identifier.This identifier is preferably the patient's national register number (NISS). In some cases, another unique identifier may be allowed.","We refer to the patient, subject of the report, by his unique identifier.This identifier is preferably the patient's national register number (NISS). In some cases, another unique identifier may be allowed.","","","","","","","","","",,,,,"",,,,"BeModelDiagnosticReportDiabetes.patient",1,1,"",""
"BeModelDiagnosticReportDiabetes.recorder","BeModelDiagnosticReportDiabetes.recorder","","","",1,1,"","","","Identifier {[]} {[]}
","This refers to the service provider or organization that encodes the information.[1] The unique identifier for each natural person is the NISS, while for each organization the business number serves as the unique identifier.","This refers to the service provider or organization that encodes the information.[1] The unique identifier for each natural person is the NISS, while for each organization the business number serves as the unique identifier.","","","","","","","","","",,,,,"",,,,"BeModelDiagnosticReportDiabetes.recorder",1,1,"",""
"BeModelDiagnosticReportDiabetes.performer","BeModelDiagnosticReportDiabetes.performer","","","",1,1,"","","","Identifier {[]} {[]}
","We refer to the service provider or organization that collects the observations and produces the report. [2]The unique identifier of each natural person is the NISS, while for each organization the company number serves as the unique identifier.For the Diabetes Diagnostic Report, it is: “performer = recorder.»","We refer to the service provider or organization that collects the observations and produces the report. [2]The unique identifier of each natural person is the NISS, while for each organization the company number serves as the unique identifier.For the Diabetes Diagnostic Report, it is: “performer = recorder.»","","","","","","","","","",,,,,"",,,,"BeModelDiagnosticReportDiabetes.performer",1,1,"",""
"BeModelDiagnosticReportDiabetes.interpreter","BeModelDiagnosticReportDiabetes.interpreter","","","",0,1,"","","","Identifier {[]} {[]}
","Care provider identified by their NISS (endocrinologist* , general practitioner, etc.) interprets the observations in the report. ResultsInterpreter This element will not be provided by the producer of the report, but will include the reference of the healthcare provider who does the interpretation.","Care provider identified by their NISS (endocrinologist* , general practitioner, etc.) interprets the observations in the report. ResultsInterpreter This element will not be provided by the producer of the report, but will include the reference of the healthcare provider who does the interpretation.","","","","","","","","","",,,,,"",,,,"BeModelDiagnosticReportDiabetes.interpreter",0,1,"",""
"BeModelDiagnosticReportDiabetes.category","BeModelDiagnosticReportDiabetes.category","","","",1,*,"","","","CodeableConcept {[]} {[]}
","Category of the report. According to ref. 8, it would be appropriate to consider setting the cardinality of the Catgory field to 1..* and to add to this report the values: 4311000179106 |Chemical pathology report (record artifact) and 408475000 |Diabetic medicine (qualifier value). 394583002 |Endocrinology (qualifier value) of the report. Look at VS_DiagRep_Category.","Category of the report. According to ref. 8, it would be appropriate to consider setting the cardinality of the Catgory field to 1..* and to add to this report the values: 4311000179106 |Chemical pathology report (record artifact) and 408475000 |Diabetic medicine (qualifier value). 394583002 |Endocrinology (qualifier value) of the report. Look at VS_DiagRep_Category.","","","","","","","","","",,,,,"",,,,"BeModelDiagnosticReportDiabetes.category",1,*,"",""
"BeModelDiagnosticReportDiabetes.qualification","BeModelDiagnosticReportDiabetes.qualification","","","",1,1,"","","","CodeableConcept {[]} {[]}
","Is the category of diabetic patient (CAT 1, CAT 2, CAT 3). (See glossary for details).By default, the qualification is “CAT 3”.The category is calculated by an algorithm from the diagnosis provided by the doctor — interpreter.","Is the category of diabetic patient (CAT 1, CAT 2, CAT 3). (See glossary for details).By default, the qualification is “CAT 3”.The category is calculated by an algorithm from the diagnosis provided by the doctor — interpreter.","","","","","","","","","",,,,,"",,,,"BeModelDiagnosticReportDiabetes.qualification",1,1,"",""
"BeModelDiagnosticReportDiabetes.device","BeModelDiagnosticReportDiabetes.device","","","",0,1,"","","","Identifier {[]} {[]}
","Identification number assigned by INAMI to the sensor type.See VS_Diab_Device","Identification number assigned by INAMI to the sensor type.See VS_Diab_Device","","","","","","","","","",,,,,"",,,,"BeModelDiagnosticReportDiabetes.device",0,1,"",""
"BeModelDiagnosticReportDiabetes.code","BeModelDiagnosticReportDiabetes.code","","","",1,1,"","","","CodeableConcept {[]} {[]}
","Report code. In the diabetes project framework, it is proposed to indicate the type of procedure that leads to the production of the primary values ​​of this report. That is to say 439926003 | Ambulatory continuous glucose monitoring of interstitial tissue fluid. VS_DiagRep_Code.","Report code. In the diabetes project framework, it is proposed to indicate the type of procedure that leads to the production of the primary values ​​of this report. That is to say 439926003 | Ambulatory continuous glucose monitoring of interstitial tissue fluid. VS_DiagRep_Code.","","","","","","","","","",,,,,"",,,,"BeModelDiagnosticReportDiabetes.code",1,1,"",""
"BeModelDiagnosticReportDiabetes.derivedObservations","BeModelDiagnosticReportDiabetes.derivedObservations","","","",0,*,"","","","Observation {[]} {[]}
","List of references to “derived values” type observations (a dozen derived observations) mentioned in the report.[3]His observations are part of the diagnostic report.","List of references to “derived values” type observations (a dozen derived observations) mentioned in the report.[3]His observations are part of the diagnostic report.","","","","","","","","","",,,,,"",,,,"BeModelDiagnosticReportDiabetes.derivedObservations",0,*,"",""
"BeModelDiagnosticReportDiabetes.measurementObservations","BeModelDiagnosticReportDiabetes.measurementObservations","","","",0,*,"","","","Observation {[]} {[]}
","List of references to “blood glucose measurement” type observations used to produce the analysis (a few thousand measurements) [4] type (“SCI”)[5]","List of references to “blood glucose measurement” type observations used to produce the analysis (a few thousand measurements) [4] type (“SCI”)[5]","","","","","","","","","",,,,,"",,,,"BeModelDiagnosticReportDiabetes.measurementObservations",0,*,"",""
"BeModelDiagnosticReportDiabetes.diagnosis","BeModelDiagnosticReportDiabetes.diagnosis","","","",0,*,"","","","Condition {[]} {[]}
","Problem reference related to this diagnostic report.This element will not be provided by the producer of the report but will be provided by the healthcare provider who does the interpretation.","Problem reference related to this diagnostic report.This element will not be provided by the producer of the report but will be provided by the healthcare provider who does the interpretation.","","","","","","","","","",,,,,"",,,,"BeModelDiagnosticReportDiabetes.diagnosis",0,*,"",""
"BeModelDiagnosticReportDiabetes.note","BeModelDiagnosticReportDiabetes.note","","","",0,*,"","","","Annotation {[]} {[]}
","Report comments in free text format. This element will not be provided by the producer of the report, but will be provided by the healthcare provider doing the interpretation.","Report comments in free text format. This element will not be provided by the producer of the report, but will be provided by the healthcare provider doing the interpretation.","","","","","","","","","",,,,,"",,,,"BeModelDiagnosticReportDiabetes.note",0,*,"",""
"BeModelDiagnosticReportDiabetes.document","BeModelDiagnosticReportDiabetes.document","","","",0,1,"","","","Binary {[]} {[]}
","PDF document containing the complete report (text, graphics, deduced observations, conclusions, etc.)","PDF document containing the complete report (text, graphics, deduced observations, conclusions, etc.)","","","","","","","","","",,,,,"",,,,"BeModelDiagnosticReportDiabetes.document",0,1,"",""
"BeModelDiagnosticReportDiabetes.status","BeModelDiagnosticReportDiabetes.status","","","",0,1,"","","","code {[]} {[]}
","Report status. By default it is “Final”. Value according to the business rule on “% Data Captured” see VS_DiagRep_Status","Report status. By default it is “Final”. Value according to the business rule on “% Data Captured” see VS_DiagRep_Status","","","","","","","","","",,,,,"",,,,"BeModelDiagnosticReportDiabetes.status",0,1,"",""
