<?xml version="1.0" encoding="UTF-8"?>

<Observation xmlns="http://hl7.org/fhir">
  <id value="449a728d-dfb4-422d-94aa-1a2d43849ee5"/>
  <meta>
    <profile value="https://www.ehealth.fgov.be/standards/fhir/glucose-monitoring/StructureDefinition/be-observation-diabetes"/>
  </meta>
  <text>
    <status value="extensions"/><div xmlns="http://www.w3.org/1999/xhtml"><p class="res-header-id"><b>Generated Narrative: Observation 449a728d-dfb4-422d-94aa-1a2d43849ee5</b></p><a name="449a728d-dfb4-422d-94aa-1a2d43849ee5"> </a><a name="hc449a728d-dfb4-422d-94aa-1a2d43849ee5"> </a><div style="display: inline-block; background-color: #d9e0e7; padding: 6px; margin: 4px; border: 1px solid #8da1b4; border-radius: 5px; line-height: 60%"><p style="margin-bottom: 0px"/><p style="margin-bottom: 0px">Profile: <a href="StructureDefinition-be-observation-diabetes.html">BeObservationDiabetes</a></p></div><p><b>BeExtRecordedDate</b>: 2024-11-25</p><p><b>BeExtRecorder</b>: Identifier: <a href="https://build.fhir.org/ig/hl7-be/core/NamingSystem-be-nihdi.html" title="RIZIV/INAMI">BeNIHDINamingSystem</a>/0403044007</p><p><b>identifier</b>: <a href="NamingSystem-be-ns-observation-diabetes.html">BeNSObservationDiabetes</a>/449a728d-dfb4-422d-94aa-1a2d43849ee5</p><p><b>status</b>: Final</p><p><b>category</b>: <span title="Codes:{http://snomed.info/sct 439926003}">Ambulatory continuous glucose monitoring of interstitial tissue fluid</span>, <span title="Codes:{http://snomed.info/sct 258090004}">Calculated</span></p><p><b>code</b>: <span title="Codes:{http://snomed.info/sct 438565545}">438565545</span></p><p><b>subject</b>: Identifier: <a href="https://build.fhir.org/ig/hl7-be/core/NamingSystem-be-ssin.html" title="NISS/INSZ">BeSSINNamingSystem</a>/80051207915</p><p><b>effective</b>: 2024-11-11 --&gt; 2024-11-24</p><p><b>performer</b>: Identifier: <a href="https://build.fhir.org/ig/hl7-be/core/NamingSystem-be-nihdi.html" title="RIZIV/INAMI">BeNIHDINamingSystem</a>/0403044007</p><p><b>value</b>: 47 %<span style="background: LightGoldenRodYellow"> (Details: UCUM  code% = '%')</span></p><p><b>device</b>: <a href="Bundle-uc53-bundle.html#urn-uuid-ce11c616-6625-4966-8a16-012ee8ff1d8e">Bundle: identifier = https://www.ehealth.fgov.be/standards/fhir/glucose-monitoring/NamingSystem/be-ns-diagnostic-report-diabetes#BeNSDiagnosticReportDiabetes#6e126868-aa6a-41ef-b7fb-3c8b690d8ffb; type = document; timestamp = 2024-11-25 00:00:00+0100</a></p><h3>ReferenceRanges</h3><table class="grid"><tr><td style="display: none">-</td><td><b>Low</b></td><td><b>AppliesTo</b></td></tr><tr><td style="display: none">*</td><td>25 %<span style="background: LightGoldenRodYellow"> (Details: UCUM  code% = '%')</span></td><td><span title="Codes:">≥70 mg/dL, &lt;180 mg/dL</span></td></tr></table></div>
  </text>
  <extension url="https://www.ehealth.fgov.be/standards/fhir/core/StructureDefinition/be-ext-recorded-date">
    <valueDateTime value="2024-11-25"/>
  </extension>
  <extension url="https://www.ehealth.fgov.be/standards/fhir/core/StructureDefinition/be-ext-recorder">
    <valueReference>
      <identifier>
        <system value="https://www.ehealth.fgov.be/standards/fhir/core/NamingSystem/nihdi"/>
        <value value="0403044007"/>
      </identifier>
    </valueReference>
  </extension>
  <identifier>
    <system value="https://www.ehealth.fgov.be/standards/fhir/glucose-monitoring/NamingSystem/be-ns-observation-diabetes"/>
    <value value="449a728d-dfb4-422d-94aa-1a2d43849ee5"/>
  </identifier>
  <status value="final"/>
  <category>
    <coding>
      <system value="http://snomed.info/sct"/>
      <version value="http://snomed.info/sct/11000172109"/>
      <code value="439926003"/>
    </coding>
  </category>
  <category>
    <coding>
      <system value="http://snomed.info/sct"/>
      <version value="http://snomed.info/sct/11000172109"/>
      <code value="258090004"/>
    </coding>
  </category>
  <code>
    <coding>
      <system value="http://snomed.info/sct"/>
      <version value="http://snomed.info/sct/11000172109"/>
      <code value="438565545"/>
    </coding>
  </code>
  <subject>
    <identifier>
      <system value="https://www.ehealth.fgov.be/standards/fhir/core/NamingSystem/ssin"/>
      <value value="80051207915"/>
    </identifier>
  </subject>
  <effectivePeriod>
    <start value="2024-11-11"/>
    <end value="2024-11-24"/>
  </effectivePeriod>
  <performer>
    <identifier>
      <system value="https://www.ehealth.fgov.be/standards/fhir/core/NamingSystem/nihdi"/>
      <value value="0403044007"/>
    </identifier>
  </performer>
  <valueQuantity>
    <value value="47"/>
    <unit value="%"/>
    <system value="http://unitsofmeasure.org"/>
    <code value="%"/>
  </valueQuantity>
  <device>
    <reference value="urn:uuid:ce11c616-6625-4966-8a16-012ee8ff1d8e"/>
  </device>
  <referenceRange>
    <low>
      <value value="25"/>
      <unit value="%"/>
      <system value="http://unitsofmeasure.org"/>
      <code value="%"/>
    </low>
    <appliesTo>
      <text value="≥70 mg/dL, &lt;180 mg/dL"/>
    </appliesTo>
  </referenceRange>
</Observation>