<?xml version="1.0" encoding="UTF-8"?><NamingSystem xmlns="http://hl7.org/fhir"><id value="be-ns-diabetes-device-type"/><text><status value="generated"/><div xmlns="http://www.w3.org/1999/xhtml"><p class="res-header-id"><b>Generated Narrative: NamingSystem be-ns-diabetes-device-type</b></p><a name="be-ns-diabetes-device-type"> </a><a name="hcbe-ns-diabetes-device-type"> </a><h3>Summary</h3><table class="grid"><tr><td>Defining URL</td><td>https://www.ehealth.fgov.be/standards/fhir/glucose-monitoring/NamingSystem/be-ns-diabetes-device-type</td></tr><tr><td>Version</td><td>1.0.0</td></tr><tr><td>Name</td><td>BeNSDiabetesDeviceType</td></tr><tr><td>Status</td><td>active</td></tr><tr><td>Definition</td><td><div><p>ATTENTION: for information purposes. This table is updated regularly. On the INAMI website - Follow the path Home &gt; Themes &gt; Health care: cost and reimbursement &gt; Diseases &gt; Endocrine and metabolic diseases; you arrive at the page &quot;Diabetes: Our intervention in the cost of a self-management program for children and adolescents&quot; from where - The link entitled &quot;List of equipment for sensor measurement&quot; provides you with the current version of the sensor type with their identification code.</p>
</div></td></tr><tr><td>Publisher</td><td>eHealth Platform</td></tr></table><h3>Identifiers</h3><table class="grid"><tr><td><b>Type</b></td><td><b>Value</b></td><td><b>Preferred</b></td></tr><tr><td>URI</td><td>https://www.ehealth.fgov.be/standards/fhir/glucose-monitoring/NamingSystem/be-ns-diabetes-device-type</td><td>true</td></tr></table></div></text><extension url="http://hl7.org/fhir/5.0/StructureDefinition/extension-NamingSystem.url"><valueUri value="https://www.ehealth.fgov.be/standards/fhir/glucose-monitoring/NamingSystem/be-ns-diabetes-device-type"/></extension><extension url="http://hl7.org/fhir/5.0/StructureDefinition/extension-NamingSystem.version"><valueString value="1.0.0"/></extension><name value="BeNSDiabetesDeviceType"/><status value="active"/><kind value="identifier"/><date value="2024"/><publisher value="eHealth Platform"/><contact><name value="eHealth Platform"/><telecom><system value="url"/><value value="https://www.ehealth.fgov.be"/></telecom><telecom><system value="email"/><value value="message-structure@www.ehealth.fgov.be"/></telecom></contact><contact><name value="Message-Structure"/><telecom><system value="email"/><value value="message-structure@www.ehealth.fgov.be"/><use value="work"/></telecom></contact><description value="ATTENTION: for information purposes. This table is updated regularly. On the INAMI website - Follow the path Home &gt; Themes &gt; Health care: cost and reimbursement &gt; Diseases &gt; Endocrine and metabolic diseases; you arrive at the page &quot;Diabetes: Our intervention in the cost of a self-management program for children and adolescents&quot; from where - The link entitled &quot;List of equipment for sensor measurement&quot; provides you with the current version of the sensor type with their identification code."/><jurisdiction><coding><system value="urn:iso:std:iso:3166"/><code value="BE"/><display value="Belgium"/></coding></jurisdiction><uniqueId><type value="uri"/><value value="https://www.ehealth.fgov.be/standards/fhir/glucose-monitoring/NamingSystem/be-ns-diabetes-device-type"/><preferred value="true"/></uniqueId></NamingSystem>