{"resourceType":"ValueSet","id":"be-vs-diabetes-report-status","text":{"status":"extensions","div":"<div xmlns=\"http://www.w3.org/1999/xhtml\"><p class=\"res-header-id\"><b>Generated Narrative: ValueSet be-vs-diabetes-report-status</b></p><a name=\"be-vs-diabetes-report-status\"> </a><a name=\"hcbe-vs-diabetes-report-status\"> </a><ul><li>Include these codes as defined in <a href=\"http://hl7.org/fhir/R4/codesystem-diagnostic-report-status.html\"><code>http://hl7.org/fhir/diagnostic-report-status</code></a><table class=\"none\"><tr><td style=\"white-space:nowrap\"><b>Code</b></td><td><b>Display</b></td><td><b>Definition</b></td></tr><tr><td><a href=\"http://hl7.org/fhir/R4/codesystem-diagnostic-report-status.html#diagnostic-report-status-final\">final</a></td><td style=\"color: #cccccc\">Final</td><td>The report is complete and verified by an authorized person.</td></tr><tr><td><a href=\"http://hl7.org/fhir/R4/codesystem-diagnostic-report-status.html#diagnostic-report-status-partial\">partial</a></td><td style=\"color: #cccccc\">Partial</td><td>This is a partial (e.g. initial, interim or preliminary) report: data in the report may be incomplete or unverified.</td></tr></table></li></ul></div>"},"url":"https://www.ehealth.fgov.be/standards/fhir/glucose-monitoring/ValueSet/be-vs-diabetes-report-status","version":"1.0.0","name":"BeVSDiabetesReportStatus","title":"BeVSDiabetesReportStatus","status":"draft","experimental":false,"date":"2025-09-10T19:33:02+00:00","publisher":"eHealth Platform","contact":[{"name":"eHealth Platform","telecom":[{"system":"url","value":"https://www.ehealth.fgov.be"},{"system":"email","value":"message-structure@www.ehealth.fgov.be"}]},{"name":"Message-Structure","telecom":[{"system":"email","value":"message-structure@www.ehealth.fgov.be","use":"work"}]}],"description":"Values to be used in the status of Diabetes reports","jurisdiction":[{"coding":[{"system":"urn:iso:std:iso:3166","code":"BE","display":"Belgium"}]}],"compose":{"include":[{"system":"http://hl7.org/fhir/diagnostic-report-status","concept":[{"code":"final"},{"code":"partial"}]}]}}